ID	sex	age	chol	BMI	TG	rs174548	HTN	CHD
1	F	74	215	26.2	367	C/G	Y	Y
2	F	51	204	24.7	150	G/G	Y	Y
3	M	64	205	24.2	213	C/C	Y	N
4	M	34	182	23.8	111	C/G	Y	N
5	F	52	175	34.1	328	C/C	Y	N
6	F	39	176	22.7	53	C/C	N	N
7	M	79	159	22.9	274	G/G	Y	N
8	M	38	169	24.9	137	C/G	N	N
9	M	52	175	20.4	125	C/C	N	N
10	M	58	189	22	209	C/C	Y	N
11	M	43	207	21	122	C/G	Y	N
12	F	64	166	26.1	163	C/C	Y	N
13	F	38	193	23	88	C/G	Y	N
14	M	63	167	23.7	209	C/C	Y	N
15	F	33	171	26.9	104	C/C	N	N
16	M	71	179	26.6	391	C/C	Y	N
17	M	71	199	27.2	193	C/C	Y	Y
18	M	66	152	23	233	C/C	Y	N
19	M	76	195	22.4	166	C/C	Y	Y
20	M	69	170	25.5	345	C/G	Y	N
21	M	49	175	21.6	133	C/C	N	N
22	M	55	165	23.4	239	G/G	Y	N
23	M	64	166	23.9	142	C/G	Y	Y
24	F	47	160	23.7	148	C/C	Y	N
25	M	46	177	21.7	190	C/C	Y	N
26	M	69	203	26	281	C/C	Y	N
27	F	53	198	22.4	105	C/G	Y	Y
28	F	35	188	25.1	95	C/G	Y	N
29	F	30	165	22.6	95	C/G	Y	Y
30	F	67	179	24.5	242	C/C	Y	Y
31	M	32	171	21.9	77	C/C	Y	N
32	F	64	169	28	178	C/C	Y	Y
33	M	72	148	22.4	171	C/G	N	Y
34	F	78	179	29.6	241	C/C	Y	Y
35	M	64	200	24.7	182	C/C	Y	Y
36	M	65	200	27.1	266	C/C	N	N
37	M	71	180	24.6	284	C/C	Y	N
38	M	59	180	22.4	125	C/G	Y	N
39	F	53	182	27.4	166	C/C	Y	Y
40	M	48	162	22.7	144	C/G	Y	N
41	M	47	135	32	198	C/C	Y	N
42	M	44	213	31.4	137	C/C	Y	Y
43	M	75	212	25	234	C/G	Y	N
44	M	31	160	23.6	139	C/G	Y	Y
45	M	50	203	23.3	118	C/G	Y	Y
46	F	49	168	26.4	100	C/C	N	Y
47	F	76	217	27.6	283	C/C	Y	N
48	M	48	167	24.3	126	C/C	Y	Y
49	M	45	179	27.2	165	C/C	N	N
50	M	68	175	27.6	303	G/G	Y	N
51	M	69	153	29	228	C/G	Y	N
52	F	55	176	24.4	152	C/G	Y	N
53	F	47	184	21.9	126	C/C	N	Y
54	F	67	187	25.5	140	C/C	Y	N
55	M	68	194	23.3	256	C/C	Y	Y
56	F	33	190	22.5	69	C/C	N	N
57	M	67	171	23.1	146	C/C	Y	N
58	M	40	183	23.3	89	C/C	N	N
59	M	64	188	26.4	187	C/C	Y	N
60	M	54	133	23.1	183	C/G	N	N
61	F	44	225	33.4	356	C/C	N	N
62	F	63	206	28	286	G/G	Y	Y
63	M	70	159	21.2	168	C/C	N	N
64	F	69	189	25.6	262	G/G	Y	Y
65	M	59	171	27	238	C/C	Y	N
66	F	69	178	23.4	174	C/C	Y	N
67	M	44	137	21.7	115	C/C	Y	N
68	M	68	181	25.4	221	C/C	Y	Y
69	M	62	161	23.7	120	C/C	Y	N
70	F	61	215	28.9	170	C/C	Y	Y
71	M	49	154	26.7	176	C/G	Y	N
72	F	62	187	22.6	157	C/C	N	N
73	M	32	186	20.2	99	C/C	Y	N
74	F	41	189	24.2	156	C/C	Y	N
75	F	52	214	24.8	117	C/C	Y	Y
76	F	60	156	22.9	88	C/C	Y	N
77	F	61	226	31	319	C/G	Y	Y
78	M	76	180	25.1	340	C/C	Y	N
79	F	61	210	24.2	152	C/C	Y	N
80	M	57	196	25.6	252	C/C	Y	N
81	F	62	198	26	311	C/C	N	N
82	F	32	184	21.8	89	G/G	Y	N
83	M	50	168	24.2	115	C/C	Y	N
84	F	46	176	25.7	105	C/G	Y	N
85	M	70	187	27.8	386	C/G	Y	N
86	M	48	191	21.4	102	C/G	Y	Y
87	F	40	187	25.1	140	C/C	Y	Y
88	F	58	209	24.7	99	C/C	Y	Y
89	F	80	172	28.4	338	C/C	Y	N
90	M	66	193	23.6	178	C/G	Y	N
91	M	61	173	26.1	161	C/C	Y	Y
92	F	72	185	27.4	155	C/C	Y	Y
93	F	51	195	24.9	151	C/G	Y	N
94	M	56	227	28.8	368	C/C	Y	Y
95	F	58	163	23.7	107	C/C	N	N
96	M	60	156	21.8	179	C/C	Y	N
97	F	63	188	26.1	165	C/C	Y	N
98	F	72	222	25.3	161	C/G	Y	Y
99	F	60	190	25.6	145	C/C	Y	N
100	M	53	192	27.3	146	C/G	Y	N
101	F	55	208	24.5	132	C/C	Y	Y
102	F	54	187	31.1	198	G/G	Y	N
103	F	31	163	27.8	116	C/C	N	N
104	F	31	196	20.5	79	C/G	Y	N
105	M	69	209	28.4	461	C/C	Y	N
106	M	43	233	20.4	132	C/C	Y	Y
107	F	46	203	24.6	90	C/C	Y	Y
108	F	46	193	22.5	119	C/G	Y	Y
109	F	54	191	26.1	94	C/C	Y	Y
110	M	77	208	29.5	346	C/C	Y	Y
111	M	33	177	21.2	71	C/G	N	N
112	M	52	153	27.2	139	C/C	Y	N
113	M	76	144	23.3	253	C/C	Y	N
114	M	34	117	22.4	88	C/C	N	N
115	M	44	186	21	103	C/G	Y	N
116	M	45	186	22.5	180	C/G	Y	N
117	M	44	168	21.5	184	C/G	N	N
118	F	66	189	25	177	C/C	Y	Y
119	F	64	208	36.8	335	C/C	N	N
120	F	34	214	27.3	91	C/G	Y	N
121	F	36	170	25.4	114	C/G	Y	N
122	M	77	217	26.7	279	C/G	N	Y
123	M	35	151	22.2	102	C/C	Y	N
124	M	62	212	26.6	261	C/G	Y	Y
125	M	55	152	23.4	236	C/G	Y	N
126	F	49	209	25.9	159	C/C	Y	N
127	F	68	210	29.9	233	C/G	Y	Y
128	M	73	172	21.5	199	C/G	Y	N
129	F	79	197	29.9	263	G/G	Y	Y
130	M	64	162	25.3	234	C/C	N	N
131	M	44	209	21.2	83	C/C	Y	Y
132	M	33	167	20.8	60	C/C	N	N
133	M	31	169	19.4	88	C/G	Y	N
134	F	53	162	28.7	199	C/C	Y	N
135	M	52	173	23.4	124	C/G	Y	N
136	M	31	180	23.6	113	C/G	N	N
137	M	36	157	23.4	147	C/G	Y	N
138	F	77	181	25.5	212	C/C	Y	N
139	M	47	161	23.2	108	C/C	N	N
140	F	30	201	26.1	98	G/G	Y	N
141	M	40	158	28.4	140	C/G	N	N
142	F	59	202	26.2	145	C/G	N	N
143	M	59	187	26.4	330	C/G	Y	Y
144	F	37	228	22.8	89	C/G	Y	Y
145	F	47	210	24.2	121	C/G	Y	Y
146	M	31	170	20.5	69	C/G	N	N
147	M	63	176	24.1	345	C/G	Y	Y
148	M	45	205	21.4	145	C/C	N	N
149	F	63	185	25.1	137	C/C	Y	N
150	M	74	191	25.1	308	C/C	N	N
151	F	70	229	26.9	257	C/C	Y	Y
152	F	60	196	38.8	250	C/G	N	N
153	M	68	193	22	178	C/C	Y	Y
154	F	31	198	21	98	C/C	Y	N
155	F	50	166	30	185	C/C	Y	Y
156	M	42	188	26.2	120	C/G	Y	N
157	M	39	184	21.2	124	G/G	N	N
158	F	74	201	28.9	171	C/G	Y	N
159	F	62	190	29.4	199	C/G	Y	N
160	F	76	181	24.1	347	C/C	Y	Y
161	F	61	181	24.2	125	C/C	N	N
162	M	62	207	25.5	154	C/C	Y	Y
163	M	61	188	24.5	191	G/G	Y	N
164	M	72	150	25.9	198	C/C	Y	N
165	F	45	194	22.4	112	C/G	Y	N
166	F	78	244	27.8	207	C/G	Y	Y
167	F	51	156	23.6	121	C/G	Y	N
168	M	55	174	22.1	157	G/G	Y	N
169	F	70	166	26.4	188	C/C	Y	N
170	F	34	165	22	53	C/C	Y	N
171	M	52	174	21.3	147	C/C	Y	N
172	F	61	203	24.9	185	G/G	Y	N
173	F	79	189	26.2	275	C/C	N	Y
174	F	37	203	25.8	66	C/G	Y	N
175	F	43	180	21.1	94	C/C	Y	Y
176	F	40	212	27.8	103	C/C	Y	Y
177	F	31	171	21.1	80	C/G	Y	N
178	M	39	167	21.1	136	C/G	Y	N
179	F	65	164	22.6	183	C/C	Y	N
180	M	30	154	23.3	65	C/G	Y	N
181	F	48	199	27.2	106	C/C	Y	N
182	M	58	195	32.9	388	C/C	Y	N
183	M	38	179	20	90	C/C	N	N
184	F	54	220	26.8	154	C/G	Y	N
185	F	48	178	28.9	214	C/C	N	N
186	F	33	127	23.6	90	C/G	Y	N
187	M	72	196	24.3	313	C/G	Y	N
188	M	68	177	27.4	241	C/G	Y	Y
189	F	53	200	28	182	C/G	Y	N
190	F	43	173	24.4	143	C/C	N	N
191	F	72	178	24.8	191	C/C	Y	N
192	F	71	186	25.6	296	G/G	Y	N
193	F	58	185	23.2	136	C/G	Y	N
194	M	56	188	23.6	164	C/C	N	N
195	F	57	177	23.1	118	C/C	Y	N
196	M	41	179	22.1	101	C/G	Y	N
197	M	34	136	19.9	70	C/C	Y	N
198	M	50	189	24.5	166	C/C	N	Y
199	M	57	184	22.6	146	C/C	Y	N
200	F	68	199	24.2	181	C/G	Y	N
201	M	74	168	27.1	255	C/G	Y	N
202	M	32	182	26.3	165	C/G	Y	N
203	F	72	213	24.2	221	C/C	Y	Y
204	F	70	218	25.3	252	G/G	Y	Y
205	M	44	162	21.1	115	C/C	Y	N
206	F	40	180	25.2	114	C/C	Y	Y
207	M	74	202	24.2	362	C/G	Y	N
208	F	58	240	24.7	145	C/G	Y	Y
209	F	72	206	25.8	259	C/G	Y	Y
210	F	54	165	27	109	C/C	Y	N
211	F	44	208	24.7	103	C/G	N	Y
212	F	64	188	23.2	243	C/C	Y	N
213	F	76	172	27	239	C/C	Y	Y
214	M	64	202	21.5	194	C/G	Y	Y
215	F	44	174	28.1	104	C/C	Y	Y
216	M	58	147	27.7	213	C/C	Y	N
217	M	79	163	25	297	C/G	Y	N
218	F	65	212	26.4	279	C/C	Y	Y
219	F	31	162	24	75	C/C	Y	N
220	F	70	191	31	262	C/C	Y	N
221	M	43	191	22.3	108	C/C	Y	Y
222	M	74	168	24.4	276	C/C	Y	N
223	M	57	170	24.3	191	C/C	N	N
224	M	37	161	21.2	112	G/G	Y	N
225	F	49	189	22.5	94	G/G	Y	N
226	F	47	184	23.1	116	C/G	Y	N
227	M	69	180	24	145	C/C	Y	N
228	F	65	182	29.2	303	C/G	Y	N
229	F	64	204	25.1	159	C/C	Y	N
230	M	65	196	23.5	197	C/C	N	N
231	M	34	139	23.7	126	C/C	N	N
232	M	71	173	30.7	355	C/C	Y	N
233	M	41	196	22.2	121	C/G	Y	N
234	F	53	215	23.3	110	C/C	N	N
235	M	73	157	26.2	318	C/G	Y	N
236	M	66	185	21.8	179	C/C	Y	N
237	M	71	198	22.8	348	G/G	Y	Y
238	F	38	220	20.8	85	C/G	Y	Y
239	F	46	188	21.5	98	C/C	N	N
240	F	36	154	25.8	47	C/C	Y	N
241	M	50	158	22.8	219	C/C	Y	N
242	F	57	176	23.9	183	C/C	Y	Y
243	F	46	165	24.5	125	C/G	Y	N
244	F	38	169	22	86	C/G	Y	Y
245	F	71	216	26.2	268	C/C	Y	Y
246	M	44	209	28.1	250	C/G	Y	N
247	F	45	209	23.6	106	G/G	Y	Y
248	M	35	183	24.5	145	C/G	Y	N
249	M	54	182	22.5	174	C/C	Y	Y
250	F	70	200	28.7	157	C/C	N	Y
251	F	75	170	27.4	252	C/G	Y	N
252	F	31	144	22.1	68	C/C	Y	N
253	F	39	154	22.4	116	C/C	Y	N
254	M	37	179	19.7	81	G/G	Y	N
255	F	75	247	25.6	142	C/G	Y	Y
256	M	46	183	24.1	144	C/C	Y	N
257	M	37	127	22.7	88	C/C	N	N
258	F	39	202	25.9	85	C/G	Y	Y
259	M	48	173	26.1	114	C/C	Y	N
260	M	33	189	21.5	86	C/C	Y	N
261	F	68	181	24	152	C/C	Y	N
262	F	78	209	27.4	209	C/G	Y	Y
263	F	73	216	27.5	240	C/G	Y	Y
264	F	75	191	26.2	270	G/G	Y	Y
265	M	80	190	23.8	256	C/C	Y	N
266	M	73	222	38.6	586	C/G	Y	N
267	F	39	202	22.4	156	C/C	N	Y
268	F	80	166	24.5	272	C/G	Y	Y
269	F	32	189	29	69	C/C	Y	N
270	M	72	224	25.3	196	C/C	Y	N
271	M	64	158	27.5	179	C/C	Y	N
272	F	34	189	27.8	104	C/G	Y	N
273	F	37	163	24.7	110	C/C	N	N
274	F	62	177	27.2	232	C/C	Y	Y
275	M	68	186	22.6	157	C/C	N	N
276	M	33	176	28.8	134	C/G	Y	N
277	F	37	209	22.2	96	C/C	Y	Y
278	F	46	221	30.8	172	C/G	Y	Y
279	F	41	175	24.6	108	C/G	Y	Y
280	F	35	170	25.8	68	C/C	Y	N
281	F	73	184	28.9	220	C/C	Y	N
282	F	57	182	25.2	134	C/C	Y	Y
283	F	53	194	26.3	153	C/G	Y	Y
284	F	71	211	28.9	266	C/G	Y	Y
285	M	73	164	23.2	190	C/G	Y	N
286	M	51	192	23.3	127	C/G	N	Y
287	M	78	169	26.7	358	C/G	Y	Y
288	F	48	185	25.2	94	C/G	Y	Y
289	F	39	168	26.1	88	C/C	N	N
290	M	35	133	24.2	120	C/C	Y	N
291	M	42	211	22.9	119	C/G	Y	Y
292	F	69	179	23	122	C/G	Y	N
293	F	61	215	24.8	143	C/G	Y	N
294	F	31	155	21.4	75	C/C	Y	N
295	F	66	196	26	154	C/G	Y	N
296	F	33	139	25.8	110	C/C	Y	N
297	F	67	224	28.6	240	C/G	Y	Y
298	M	49	168	23.9	112	C/G	Y	N
299	M	48	191	20.8	191	C/C	Y	N
300	M	51	164	23.6	157	C/C	N	N
301	M	33	180	23.4	85	C/G	Y	N
302	M	33	163	20.2	91	C/C	Y	N
303	F	58	223	28.9	176	C/G	Y	Y
304	F	77	191	33.1	323	C/C	Y	N
305	M	71	191	22.9	271	C/C	Y	N
306	M	67	207	29.9	345	C/G	Y	Y
307	F	52	207	26	144	C/C	N	N
308	M	39	197	25.8	145	C/C	Y	N
309	F	74	161	28.1	336	C/C	Y	N
310	M	80	205	28.2	343	C/C	N	Y
311	M	35	152	21.9	90	C/C	Y	N
312	F	77	158	25	303	C/C	Y	N
313	F	53	191	22.4	95	C/C	Y	Y
314	F	57	213	26.9	240	C/C	N	Y
315	F	56	186	25.1	118	C/C	N	N
316	F	78	163	33.7	360	C/C	Y	N
317	F	76	206	28.5	269	C/C	Y	Y
318	F	46	178	30.5	199	C/C	Y	Y
319	M	69	182	24.1	182	C/C	Y	Y
320	M	34	178	23.6	88	C/C	Y	N
321	M	36	148	20.9	133	C/G	N	N
322	M	63	198	26.3	260	C/G	N	N
323	M	41	168	27.2	92	G/G	N	N
324	M	40	224	26.6	155	C/C	N	Y
325	M	37	126	23	128	C/C	Y	N
326	F	43	188	25.5	124	C/C	N	N
327	F	65	176	24.7	149	C/C	N	N
328	M	36	175	26.8	120	C/G	Y	N
329	M	40	158	22	117	C/C	Y	N
330	F	54	161	24.4	121	C/C	Y	N
331	M	57	210	28.3	267	G/G	Y	N
332	M	67	176	22.9	163	C/C	Y	N
333	F	74	178	24.7	245	C/C	N	N
334	M	42	157	20.5	88	C/G	N	N
335	F	62	177	23.1	168	C/C	Y	Y
336	M	45	211	24.9	117	C/C	N	Y
337	F	54	219	22.6	112	C/C	N	Y
338	F	46	183	22.8	99	C/C	N	N
339	F	65	204	25.3	143	C/C	Y	N
340	F	62	150	27.2	234	G/G	Y	N
341	M	60	154	24.8	303	C/C	Y	N
342	M	44	138	21.4	136	C/G	N	N
343	M	79	163	23	261	C/C	Y	N
344	F	69	151	25.9	244	C/C	Y	N
345	F	32	201	29.1	128	C/C	N	Y
346	M	56	174	21.9	195	G/G	N	N
347	F	79	190	24.4	272	C/G	Y	N
348	F	38	188	23.3	108	C/C	Y	N
349	M	38	208	22.6	119	C/G	Y	Y
350	M	58	191	26.9	352	C/C	Y	Y
351	M	66	197	26.1	335	C/C	N	N
352	M	50	194	24	89	C/C	Y	Y
353	F	41	150	25.4	129	C/G	Y	N
354	M	67	218	28.5	382	C/G	Y	Y
355	F	44	204	24.5	129	C/G	Y	N
356	M	49	188	22.1	149	C/C	Y	N
357	M	67	154	22.5	169	C/C	Y	N
358	M	76	175	27.4	230	C/G	Y	N
359	M	36	151	25.5	169	C/G	Y	N
360	M	48	156	24.7	191	C/G	N	N
361	F	60	202	23.8	157	C/G	Y	N
362	M	43	191	22.1	115	C/G	Y	N
363	F	70	180	24.5	164	C/C	N	N
364	M	45	157	25.7	188	C/G	N	N
365	F	39	238	21	81	C/G	Y	Y
366	M	37	154	23.5	92	C/C	Y	N
367	F	59	170	24.1	167	C/C	Y	N
368	M	56	177	21.5	203	C/G	N	N
369	M	76	168	26.9	319	C/G	Y	Y
370	M	62	193	22.8	165	C/G	Y	N
371	F	58	194	24.6	191	C/C	Y	N
372	M	42	165	27.4	118	C/C	N	N
373	F	46	187	21	76	C/C	N	N
374	F	52	214	25	156	C/G	Y	Y
375	M	40	152	19.5	110	C/G	Y	N
376	F	59	179	25.6	170	C/C	Y	N
377	F	42	174	22.6	145	C/C	Y	Y
378	M	72	186	33.9	348	C/G	Y	N
379	F	58	200	24.4	203	C/G	Y	Y
380	M	52	220	23.4	145	C/C	Y	Y
381	F	65	186	29.2	249	C/G	Y	Y
382	F	40	223	23.5	105	C/G	Y	N
383	F	77	199	31.6	271	C/C	N	N
384	M	75	189	23.2	189	C/C	Y	N
385	M	42	196	27.8	132	C/C	N	N
386	F	65	213	31.2	264	C/G	Y	Y
387	M	58	157	23.1	136	C/C	Y	N
388	M	58	223	30.8	201	C/G	Y	Y
389	M	33	180	19.7	97	C/C	Y	N
390	F	33	156	23.4	68	C/C	Y	N
391	M	64	204	28.9	237	C/G	N	Y
392	F	79	178	27.9	277	C/C	Y	Y
393	F	62	196	29	287	C/G	Y	N
394	F	46	179	27.1	77	C/G	Y	N
395	F	79	161	27.2	257	C/G	Y	N
396	M	71	169	25.8	322	C/C	Y	N
397	M	57	173	23.5	205	C/C	N	N
398	F	33	180	20.6	56	C/C	Y	N
399	F	78	212	24	273	C/G	Y	N
400	M	43	220	21.4	91	C/C	Y	Y
